feature,importance_mean,importance_std
V14,0.276022,0.00697747
V4,0.0430561,0.00119025
V10,0.0158103,0.00364993
V12,0.0155607,0.00199985
V18,0.00479448,0.000858545
V2,0.00476257,0.00105678
V8,0.00446345,0.00294556
V1,0.00425665,0.00116949
V17,0.00395372,0.000937224
Amount,0.00267904,0.00213133
V20,0.00260753,0.0019763
V11,0.00212872,0.00258287
V28,0.00193584,0.00062838
V7,0.00151241,0.000906871
V6,0.000854588,0.00203501
V26,0.000839084,0.00125782
V22,0.000399495,0.00135607
V27,0.000220018,0.000341276
V9,0.00017741,0.000845001
Time,0.000177184,0.000722214
V21,-3.27982e-05,0.0006713
V24,-5.34659e-05,0.00143948
V15,-0.000357168,0.00115527
V3,-0.000418669,0.000952384
V5,-0.000435938,0.00219919
V13,-0.000867306,0.00118768
V16,-0.000969261,0.00127004
V19,-0.00111033,0.000711421
V25,-0.00182565,0.00219817
V23,-0.00184221,0.00125751
